first_name,last_name,email
first01,last01,first01.last01@email.com
first02,last02,first02.last02@email.com
first03,last03,first03.last03@email.com
first04,last04,first04.last04@email.com
first05,last05,first05.last05@email.com
first06,last06,first06.last06@email.com
first07,last07,first07.last07@email.com
first08,last08,first08.last08@email.com
first09,last09,first09.last09@email.com
first10,last10,first10.last10@email.com
first11,last11,first11.last11@email.com
first12,last12,first12.last12@email.com
first13,last13,first13.last13@email.com
first14,last14,first14.last14@email.com
first15,last15,first15.last15@email.com
first16,last16,first16.last16@email.com
first17,last17,first17.last17@email.com
first18,last18,first18.last18@email.com
first19,last19,first19.last19@email.com
first20,last20,first20.last20@email.com
